wort,subset,mean_eva,sd_eva,cases_eva,mean_pot,sd_pot,cases_pot,mean_act,sd_act,cases_act
Arzt,1,5.55,1.821,211,6.235,1.407,221,5.459,1.474,209
Atheist,1,4.882,1.565,211,4.946,1.39,221,4.905,1.334,210
bankrott,1,1.958,1.561,213,4.238,2.658,223,5.425,2.404,212
Befehlshaber,1,3.213,1.78,211,6.752,1.972,222,6.257,1.772,210
bitten,1,5.341,1.756,211,5.462,1.712,221,5.271,1.44,210
Charakter,1,6.502,1.532,213,6.395,1.617,220,5.821,1.587,212
Chefin,1,4.915,1.654,211,6.314,1.6,223,5.713,1.482,209
danken,1,6.976,1.608,211,6.333,1.574,222,5.626,1.647,211
Demokrat,1,5.716,1.602,211,5.653,1.443,222,5.109,1.487,211
Direktor,1,4.634,1.466,213,6.457,1.654,223,5.564,1.624,211
Disziplin,1,5.887,1.671,212,6.552,1.496,221,5.476,1.698,210
Ehefrau,1,6.597,1.816,211,5.959,1.73,219,5.9,1.679,210
Emotion,1,6.289,1.801,211,6.43,1.708,221,6.574,1.893,209
ermahnen,1,3.607,1.324,211,5.484,1.509,221,5.649,1.464,211
Faulenzer,1,3.118,1.688,211,3.186,1.778,221,3.029,2.057,209
gehemmt,1,3.583,1.245,211,3.773,1.67,220,3.781,1.809,210
geizig,1,2.972,1.62,212,4.14,2.021,221,4.774,1.877,212
Gesellschaft,1,5.673,1.538,211,5.701,1.621,221,5.624,1.594,210
Gesetz,1,4.991,1.709,212,6.605,1.861,220,5.118,1.798,212
Gewinner,1,7.085,1.745,212,6.631,1.307,222,6.957,1.651,211
gläubig,1,5.245,1.978,212,5.297,1.862,222,4.586,1.901,210
Gleichheit,1,6.305,1.72,213,5.733,1.56,221,5.043,1.504,210
Hierarchie,1,3.905,1.659,211,5.986,1.723,221,5.048,1.659,210
Hilfskraft,1,4.891,1.58,211,4.204,1.632,221,4.621,1.4,211
Internat,1,4.322,1.618,211,5.252,1.586,222,5.292,1.745,209
verhaften,1,2.649,1.857,211,5.91,2.078,222,6.201,2.019,209
küssen,1,7.682,1.696,211,6.647,1.709,221,7.234,1.834,209
machtlos,1,2.797,1.588,212,3.523,2.263,222,4.319,2.111,210
männlich,1,5.883,1.691,213,5.995,1.63,219,5.791,1.617,211
ohrfeigen,1,2.318,1.383,211,4.706,2.393,221,6.429,1.995,210
Privatschule,1,4.872,1.489,211,5.466,1.512,221,5.014,1.587,211
Psychologe,1,4.777,1.654,211,5.649,1.598,222,4.801,1.759,211
Rechtsanwalt,1,4.81,1.559,211,6.005,1.553,222,5.186,1.549,210
Rente,1,5.455,2.13,211,4.787,1.894,221,4.651,2.009,209
Rockstar,1,5.322,1.792,211,5.716,1.676,222,6.61,1.988,210
scheu,1,4.151,1.439,212,3.636,1.7,220,3.777,1.634,211
Schuld,1,3.019,1.622,213,5.023,2.01,220,5.46,1.797,211
Schurke,1,2.712,1.694,212,4.9,2.093,221,5.995,1.878,211
Schwester,1,6.415,1.959,212,5.459,1.61,222,5.557,1.788,210
selbstsicher,1,6.792,1.61,212,6.659,1.516,220,5.99,1.66,210
sich durchsetzen,1,6.33,1.601,212,6.878,1.442,222,6.589,1.591,209
Stammgast,1,5.887,1.459,212,5.33,1.252,221,5.081,1.527,210
strafen,1,2.821,1.55,212,5.697,2.07,221,5.842,1.784,209
Tagesmutter,1,5.668,1.494,211,5.369,1.372,222,5.19,1.535,210
Test,1,4.938,1.622,211,5.443,1.353,221,5.636,1.65,209
Umarmung,1,7.393,1.724,211,6.543,1.72,221,6.355,1.969,211
Untertan,1,3.09,1.698,211,3.412,1.916,221,4.137,1.709,211
verklagen,1,2.925,1.574,212,5.679,1.807,221,6.043,1.789,210
vermissen,1,3.531,1.986,211,5.36,2.01,222,5.818,1.918,209
verzeihen,1,6.664,1.689,211,6.225,1.828,222,5.275,1.789,211
Abenteuer,2,6.545,1.413,222,6.231,1.392,208,7.423,1.459,222
Aufseher,2,3.575,1.673,221,6.354,1.776,209,5.685,1.637,222
Autonomie,2,5.315,1.495,219,5.779,1.376,208,5.353,1.412,221
befolgen,2,4.814,1.4,220,5.115,1.45,208,4.951,1.48,223
Belohnen,2,7.155,1.332,220,5.986,1.456,208,5.887,1.558,221
beneiden,2,4.077,1.47,221,4.703,1.737,209,5.164,1.582,220
berührt,2,6.382,1.43,220,5.359,1.632,209,5.5,1.703,220
Bewerber,2,5.5,1.16,222,4.812,1.457,208,5.658,1.442,219
Bündnis,2,5.461,1.463,219,5.899,1.619,208,5.182,1.332,220
Demonstrant,2,4.367,1.775,221,5.442,1.614,208,6.656,1.584,221
Designer,2,5.679,1.496,221,5.149,1.536,208,5.641,1.643,223
dominant,2,4.045,1.747,221,6.37,1.765,208,6.225,1.61,222
Dozent,2,5.273,1.242,220,5.703,1.266,209,5.018,1.365,219
Druck,2,3.443,1.722,221,6.014,1.732,208,6.112,1.761,223
Einheit,2,5.878,1.667,221,5.938,1.551,208,5.073,1.353,219
etwas anpassen,2,5.335,1.371,221,5.154,1.392,208,5.1,1.371,220
exotisch,2,6.382,1.449,220,5.505,1.247,208,6.446,1.435,222
freundlich,2,7.768,1.291,220,6.053,1.628,208,5.623,1.627,220
Gangster,2,2.353,1.529,221,5.649,2.313,208,6.703,1.996,222
gedemütigt,2,2.294,1.446,221,3.914,2.193,209,5.081,2.173,221
Gericht,2,3.919,1.61,221,6.644,1.908,208,5.62,1.9,221
Gier,2,2.493,1.485,219,5.388,2.316,209,6.082,1.921,219
Heilpraktikerin,2,5.932,1.541,220,5.197,1.466,208,4.647,1.666,221
Heirat,2,6.622,2,222,5.971,1.697,208,6.486,1.935,222
Hilfe,2,6.65,1.811,220,5.909,1.714,209,5.892,1.542,222
islamisch,2,3.851,1.791,221,5.216,2.04,208,5.369,1.965,222
kleinlaut,2,3.959,1.308,221,3.476,1.468,208,3.882,1.583,220
kompetent,2,6.936,1.393,220,6.282,1.435,209,5.64,1.53,222
Krankenpfleger,2,6.167,1.547,222,5.322,1.399,208,5.104,1.573,222
lässig,2,5.918,1.362,220,4.894,1.39,208,4.741,1.667,220
Macht,2,4.613,1.865,222,7.081,1.805,209,6.443,1.658,221
manipulieren,2,2.814,1.575,221,5.51,2.067,208,5.796,1.839,221
maskulin,2,5.255,1.652,220,5.857,1.417,210,5.691,1.413,220
Minderheit,2,4.403,1.463,221,3.881,1.689,210,4.857,1.485,217
NATO,2,4.727,1.492,220,6.224,1.753,210,5.444,1.752,225
Oma,2,7.359,1.562,220,5.317,1.763,208,4.866,2.02,217
Papst,2,4.452,1.989,219,5.163,2.346,209,3.905,2.026,222
radikal,2,3.155,1.864,220,5.847,2.102,209,6.698,1.745,222
Regierungschef,2,4.063,1.642,221,6.26,2.097,208,5.014,1.957,220
Schüler,2,5.566,1.294,221,4.505,1.461,208,6.094,1.4,223
selbstständig,2,6.579,1.623,221,6.332,1.431,208,6.08,1.522,224
sexy,2,7.014,1.524,221,6.423,1.498,208,7.126,1.531,223
sich auflehnen,2,4.81,1.745,221,5.952,1.56,208,6.486,1.738,222
stehlen,2,2.248,1.358,222,4.154,2.199,208,5.973,2.058,221
stören,2,3.14,1.45,222,5.105,1.931,209,6.258,1.753,221
Streber,2,3.914,1.727,220,4.895,1.766,210,5.045,1.819,222
vorladen,2,3.459,1.488,220,5.534,1.544,208,5.783,1.495,221
Vormund,2,4.176,1.519,222,5.957,1.669,208,5.231,1.292,221
warnen,2,5.187,1.702,219,5.885,1.54,208,6.305,1.509,220
Zeugnis,2,5.265,1.485,219,6.111,1.552,208,6.014,1.567,222
Akademiker,3,5.569,1.355,216,5.742,1.468,213,4.686,1.634,204
alleinerziehend,3,4.724,1.595,217,5.211,1.863,213,6.22,1.795,205
anordnen,3,4.913,1.468,218,5.789,1.498,213,5.138,1.617,203
Anstand,3,6.874,1.437,215,6.155,1.735,213,4.878,1.801,205
auslachen,3,3.235,1.663,217,4.603,2.183,214,6.078,1.727,205
Autor,3,5.668,1.251,217,5.39,1.293,213,5.103,1.503,204
Bande,3,3.688,1.838,218,5.526,2.078,213,6.177,1.777,203
Beamtin,3,4.657,1.405,216,5.16,1.609,213,3.8,1.736,205
Beerdigung,3,2.378,1.609,217,5.15,2.361,214,3.778,2.555,203
Betriebsrat,3,5.165,1.595,218,5.723,1.644,213,4.716,1.666,204
Club,3,5.56,1.417,218,5.416,1.325,214,5.698,1.737,202
die Gang,3,3.693,1.884,215,5.589,2.114,214,6.324,1.837,207
Dominanz,3,4.083,1.726,218,6.65,1.91,214,6.059,1.648,204
ehrgeizig,3,6.143,1.555,217,6.399,1.446,213,6.458,1.35,203
Elektriker,3,5.419,1.279,215,5.272,1.137,213,5.069,1.134,204
etwas durchsetzen,3,6.037,1.584,216,6.62,1.371,213,6.515,1.419,204
europäisch,3,5.714,1.441,217,5.425,1.619,214,5.143,1.596,203
folgsam,3,5.194,1.656,216,4.766,1.805,214,4.348,1.67,204
gehorsam,3,4.935,1.896,216,5.127,1.865,213,4.426,1.531,204
Geldgier,3,2.797,1.668,217,5.108,2.587,213,5.7,1.884,203
Gemeinde,3,5.512,1.421,217,5.333,1.568,213,4.588,1.609,204
gewürdigt,3,6.426,1.419,216,5.906,1.46,213,5.083,1.536,205
Herr,3,5.124,1.24,218,5.633,1.424,215,5.058,1.26,206
Hochzeit,3,6.967,1.858,215,6.272,1.791,213,7.099,1.766,203
Idol,3,5.825,1.589,217,5.901,1.565,213,5.877,1.535,203
Kindergärtnerin,3,6.101,1.539,217,5.519,1.407,214,5.517,1.725,205
Kindheit,3,6.673,1.831,217,5.624,1.979,213,6.818,1.692,203
Kommissar,3,4.904,1.29,219,5.948,1.458,213,5.446,1.499,204
Lähmung,3,2.286,1.546,217,4.486,2.483,214,3.788,2.291,203
ledig,3,5.245,1.272,216,4.916,1.34,214,5.166,1.502,205
lernen,3,6.198,1.717,217,6.252,1.648,214,5.559,1.728,204
Liebe,3,7.899,1.44,218,7.441,1.859,213,7.098,2.11,204
links,3,5,1.649,215,4.878,1.522,213,5.221,1.501,204
Medien,3,5.106,1.564,217,6.556,1.907,214,6.442,1.663,206
meutern,3,3.523,1.676,216,5.449,2.124,214,6.505,1.848,204
Nationalist,3,3.94,2,217,5.014,2.036,213,5.373,1.73,204
Offizier,3,4.782,1.498,216,6.235,1.685,213,5.358,1.539,204
Provinz,3,5.106,1.504,218,4.629,1.501,213,3.804,1.616,204
Putzmann,3,5.115,1.324,218,4.638,1.491,213,4.798,1.394,203
regieren,3,4.72,1.5,214,6.216,1.906,213,5.402,1.788,204
sadistisch,3,2.417,1.742,216,5.239,2.571,213,6.044,2.134,205
Selbstsicherheit,3,6.847,1.507,216,6.864,1.641,213,5.689,1.571,206
Sozialist,3,4.705,1.597,217,5.033,1.493,213,5.118,1.692,204
spotten,3,3.372,1.732,215,4.559,2.104,213,6.01,1.553,205
streiten,3,3.125,1.681,216,5.568,1.981,213,7.024,1.783,205
Tochter,3,7.097,1.629,217,5.681,1.73,213,6.197,1.665,203
Trost,3,6.829,1.669,216,5.667,1.927,213,4.112,1.724,205
überfallen,3,2.214,1.529,215,5.141,2.48,213,6.888,1.892,205
Vielfalt,3,6.699,1.481,216,5.981,1.596,213,6.328,1.539,204
Vorwurf,3,3.443,1.508,219,5.521,1.763,213,6.049,1.562,204
alleinstehend,4,4.712,1.738,205,4.477,1.629,220,4.5,1.665,220
anonym,4,4.583,1.495,206,4.282,1.645,220,4.543,1.497,219
anständig,4,6.966,1.48,205,5.909,1.768,220,5.009,1.733,218
Anwalt,4,4.782,1.545,206,6.218,1.63,220,5.193,1.572,218
Aufstand,4,3.849,1.78,205,6.335,1.755,221,6.899,1.783,218
authentisch,4,6.364,1.552,206,5.945,1.587,220,5.396,1.371,217
bereichern,4,4.422,2.093,206,5.173,1.828,220,5.705,1.538,217
Besitzer,4,5.302,1.494,205,6.009,1.446,220,5.311,1.186,219
Dame,4,6.2,1.589,205,5.338,1.516,219,5.315,1.677,216
Despot,4,3.444,1.89,205,5.341,2.218,220,5.708,1.827,219
Doktor,4,5.663,1.546,205,6.255,1.391,220,5.165,1.542,218
Familienmitglied,4,7.015,1.628,205,6.014,1.716,220,5.78,1.676,218
gehässig,4,2.688,1.636,205,4.5,2.262,220,5.751,1.998,217
gehorchen,4,4.576,1.829,205,4.9,1.868,220,4.706,1.692,221
Gesindel,4,2.951,1.667,206,4.271,2.006,221,5.427,2.038,218
gierig,4,2.746,1.625,205,4.859,2.276,220,5.959,1.761,218
Gymnasium,4,5.756,1.543,205,5.882,1.577,220,5.795,1.529,219
Handwerker,4,5.617,1.479,206,5.541,1.287,220,5.355,1.404,217
Harmonie,4,7.654,1.473,205,6.338,1.844,219,4.835,2.412,218
Ideologie,4,5.15,1.838,206,5.764,1.704,220,5.502,1.621,219
Konkurrent,4,4.024,1.61,205,5.773,1.463,220,6.183,1.444,218
Konzert,4,6.595,1.641,205,5.695,1.503,220,6.44,1.824,218
Krankenschwester,4,6.379,1.633,206,5.682,1.407,220,5.645,1.548,217
Lehrling,4,5.561,1.242,205,4.4,1.403,220,5.33,1.274,218
loben,4,7.351,1.439,205,6.295,1.674,220,5.834,1.689,217
Manager,4,4.741,1.558,205,6.323,1.685,220,5.977,1.614,217
Mann,4,6.068,1.573,205,6.059,1.652,221,5.569,1.407,218
Obrigkeit,4,3.795,1.589,205,5.878,1.892,221,4.835,1.783,218
passiv,4,4.286,1.411,206,3.964,1.74,221,3.491,1.857,218
Pessimist,4,3.527,1.658,205,3.673,1.868,220,4.073,2.037,219
Politiker,4,3.629,1.807,205,5.441,2.243,220,4.641,2.341,217
rebellisch,4,4.39,1.864,205,5.991,1.843,220,6.834,1.769,217
Rechtsstaat,4,4.717,2.074,205,5.995,1.953,220,4.936,1.994,220
Schlampe,4,2.902,1.983,205,3.995,2.189,220,5.721,2.244,219
Selbstwertgefühl,4,6.712,1.645,205,6.241,1.863,220,5.755,1.763,220
sich anpassen,4,4.898,1.745,205,4.664,1.673,220,4.587,1.639,218
sparsam,4,5.995,1.573,205,5.423,1.552,220,4.433,1.671,217
Spielplatz,4,6.22,1.767,205,4.955,1.534,220,6.794,1.803,218
spöttisch,4,3.8,1.548,205,4.787,1.686,221,5.661,1.63,218
strebsam,4,6.107,1.555,206,5.864,1.44,220,5.747,1.597,217
streiken,4,4.366,1.787,205,5.573,1.906,220,6.115,1.765,218
süchtig,4,2.532,1.635,205,4.359,2.76,220,5.457,2.216,219
Terrorist,4,1.854,1.54,205,5.841,2.83,220,6.761,2.326,218
umarmen,4,7.59,1.517,205,6.264,1.742,220,5.636,2.131,220
unmenschlich,4,2.254,1.652,205,4.623,2.694,220,5.598,2.212,219
unterdrücken,4,2.723,1.666,206,4.659,2.409,220,5.046,1.92,218
Unternehmer,4,5.296,1.419,206,6.255,1.502,220,5.813,1.452,219
zärtlich,4,7.824,1.458,205,6.109,2.08,220,5.525,2.346,221
Zorn,4,3.2,1.696,205,6.091,2.179,220,6.618,2.098,220
zusammenarbeiten,4,6.985,1.457,206,6.155,1.729,220,5.923,1.567,220
allein,5,3.704,1.719,216,4.498,1.983,215,3.89,1.875,228
Altar,5,4.898,1.822,216,5.07,1.861,214,3.978,1.954,228
arabisch,5,4.367,1.616,218,4.944,1.675,214,5.268,1.762,228
Arbeit,5,5.778,1.778,216,5.921,1.481,215,6.035,1.48,229
ausgrenzen,5,2.848,1.575,217,4.456,2.154,215,5.294,1.792,228
Clique,5,5.823,1.808,215,6.028,1.507,214,6.284,1.562,229
demütigen,5,2.546,1.527,216,4.284,2.322,215,5.474,1.988,228
devot,5,4.225,1.698,218,4.241,1.921,216,4.677,1.595,229
edel,5,6.447,1.527,217,6,1.479,214,5.253,1.404,229
Ehrung,5,6.553,1.524,217,5.94,1.523,215,5.737,1.669,228
eifrig,5,6.208,1.29,216,5.864,1.295,214,6.245,1.374,229
Erfolg,5,7.204,1.403,216,6.753,1.525,215,6.539,1.629,228
flexibel,5,6.428,1.432,215,5.879,1.382,214,6.048,1.473,228
Freundschaft,5,7.719,1.361,217,7.168,1.559,214,6.249,1.904,229
Geiz,5,3.241,1.743,216,4.544,2.034,215,4.856,1.762,229
Gespräch,5,6.188,1.41,218,5.766,1.448,214,5.894,1.268,227
Grillabend,5,7.174,1.505,218,5.766,1.557,214,6.127,1.822,228
großzügig,5,6.931,1.385,218,6.265,1.384,215,5.786,1.582,229
heroisch,5,4.833,1.534,216,5.763,1.625,215,5.798,1.509,228
Hörigkeit,5,3.221,1.739,217,4.447,2.369,215,4.825,1.881,228
Ingenieur,5,5.628,1.235,218,5.599,1.214,217,5.185,1.347,227
jmd. opfern,5,2.641,1.905,217,4.537,2.563,214,5.721,1.994,229
Journalist,5,4.995,1.335,217,5.54,1.345,215,5.868,1.499,228
kämpfen,5,4.876,2.027,217,6.205,1.812,215,6.834,1.614,229
korrupt,5,2.512,1.602,217,4.874,2.44,215,5.847,2.015,229
die Liebste,5,7.712,1.618,215,6.749,1.681,215,6.487,2.034,228
Lob,5,7.37,1.382,216,6.542,1.453,216,6.179,1.635,229
Metzger,5,5.033,1.277,215,5.313,1.411,214,5.066,1.367,228
Ohnmacht,5,3.226,1.491,217,4.084,2.138,215,4.399,2.074,228
Opposition,5,4.797,1.339,217,5.195,1.629,215,5.314,1.693,229
Papa,5,6.805,1.928,215,6.481,1.717,216,5.725,1.784,229
Patient,5,4.493,1.378,217,4.245,1.64,216,4.833,1.62,228
Picknick,5,6.679,1.458,215,5.403,1.388,216,5.598,1.731,229
Polizist,5,5.33,1.491,218,6.204,1.58,216,5.78,1.576,227
Präsident,5,5.102,1.339,216,6.088,1.766,215,5.328,1.52,229
quälen,5,2.324,1.829,216,4.827,2.522,214,5.843,2.134,229
Randalierer,5,2.37,1.606,216,4.815,2.569,216,6.824,2.073,227
rausschmeißen,5,2.907,1.675,215,4.995,2.162,216,6.452,1.899,228
Rebell,5,4.463,1.957,216,5.884,1.832,215,6.642,1.814,229
Rivale,5,3.468,1.567,216,5.563,1.665,215,6.345,1.657,229
Sehnsucht,5,5.032,1.98,218,6.164,1.705,214,5.275,2.086,229
Staatsfeind,5,2.949,1.819,217,5.43,2.312,214,6.263,1.896,228
stark,5,6.479,1.497,217,6.766,1.59,214,6.183,1.502,229
Streik,5,4.12,1.686,216,5.841,1.701,214,6.288,1.692,229
Subkultur,5,4.991,1.333,217,5.14,1.303,214,5.393,1.514,229
Sündenbock,5,3.056,1.539,216,4.093,1.912,216,5.377,1.874,228
trösten,5,6.435,1.647,216,5.931,1.628,216,4.759,1.837,228
unsozial,5,2.742,1.663,217,3.916,2.186,215,5.5,2.008,228
Verkäuferin,5,5.429,1.176,219,4.939,1.245,214,5.1,1.378,230
Zeitung,5,5.502,1.405,217,5.63,1.529,216,5.319,1.524,229
Abendessen,6,6.898,1.402,206,5.571,1.38,205,5.074,1.814,217
Abweichler,6,4.396,1.406,207,4.483,1.653,205,5.184,1.673,217
Alleinsein,6,3.712,2.079,208,4.358,2.144,204,3.654,2.161,214
Anerkennung,6,7.038,1.581,208,6.65,1.379,203,6.009,1.587,217
anmeckern,6,3.266,1.562,207,4.571,1.788,203,6.156,1.843,218
anpassen,6,5.068,1.579,206,5.034,1.672,203,4.769,1.64,216
Asylrecht,6,4.367,1.83,207,4.554,1.892,204,5.205,1.784,215
ausbeuten,6,2.372,1.533,207,4.7,2.569,203,5.851,2.041,215
ausländisch,6,4.861,1.735,208,4.751,1.462,205,5.366,1.579,216
bewundern,6,6.43,1.453,207,5.946,1.339,202,5.688,1.571,215
Bundesregierung,6,3.903,1.757,207,4.848,2.29,204,4.234,2.182,218
CDU (Partei),6,3.723,2.045,206,4.251,2.216,203,4.143,2.263,217
der Leiter,6,5.039,1.414,206,6.094,1.518,202,5.581,1.296,217
eingesperrt,6,2.466,1.659,208,4.337,2.44,202,4.921,2.417,216
Expertin,6,6.155,1.409,207,6.45,1.442,202,5.735,1.609,215
fleißig,6,6.947,1.366,207,6.468,1.405,203,6.198,1.611,217
Geduld,6,6.461,1.591,206,6.084,1.7,203,4.412,1.963,216
Gemeinschaft,6,6.549,1.6,206,6.571,1.567,203,5.912,1.617,215
Genie,6,6.272,1.627,206,6.662,1.553,204,6.014,1.765,217
habgierig,6,2.626,1.508,206,4.571,2.384,203,5.751,1.987,217
hilflos,6,3.043,1.73,207,3.586,2.154,203,4.567,2.038,217
korrekt,6,6.638,1.548,207,6.188,1.488,202,5.369,1.637,217
Lebensgemeinschaft,6,6.937,1.641,206,6.537,1.692,203,6.266,1.672,218
Lehrmeister,6,5.262,1.589,206,6.272,1.393,202,5.479,1.45,217
locker,6,6.694,1.414,206,5.366,1.563,202,5.502,1.67,217
Mehrheit,6,5.699,1.335,206,6.436,1.502,202,5.653,1.625,219
Mitleid,6,4.768,1.665,207,5.05,1.781,202,4.778,1.754,216
Mittelschicht,6,5.333,1.51,207,5.079,1.523,203,5.083,1.345,217
Monarchie,6,4.471,1.95,206,5.213,2.056,202,4.537,1.941,216
Moslem,6,4.167,1.769,209,4.877,1.659,203,5.129,1.751,217
Not,6,2.644,1.609,208,4.793,2.394,203,5.535,2.027,215
Protest,6,5.063,1.727,207,6.114,1.679,202,6.596,1.792,218
qualifiziert,6,6.816,1.486,207,6.695,1.257,203,5.935,1.508,217
Regime,6,3.471,1.818,206,5.695,2.177,203,5.569,2.013,216
reizbar,6,3.483,1.507,207,4.844,1.942,205,6.307,1.644,218
Reue,6,5.13,1.677,207,5.241,1.717,203,4.889,1.71,217
Richterin,6,4.927,1.635,206,6.74,1.758,204,5.407,1.784,216
schreien,6,3.34,1.708,206,4.872,2.217,203,6.691,2,217
Schwiegervater,6,5.38,1.757,208,5.433,1.623,203,5.207,1.686,217
Stärke,6,6.689,1.445,206,6.951,1.392,204,6.267,1.504,217
Störenfried,6,2.865,1.582,208,4.77,2.213,204,6.387,2.02,217
streng,6,4.136,1.653,206,5.886,1.658,202,5.548,1.75,217
Sünder,6,3.812,1.542,207,4.162,1.937,204,5.312,1.669,218
taktvoll,6,6.72,1.4,207,6.025,1.391,204,5.2,1.565,215
trauern,6,3.43,1.713,207,5.034,2.194,203,4.143,2.253,217
unterordnen,6,3.531,1.57,207,4.271,1.945,203,4.276,2.002,217
untreu,6,2.691,1.755,207,4.146,2.38,205,5.724,2.264,217
Verkäufer,6,5.121,1.307,207,5.039,1.182,204,5.29,1.482,217
Vertrag,6,5.394,1.467,208,6.267,1.512,202,5.276,1.635,217
Weib,6,5.476,2.023,206,5.275,1.866,204,6.069,1.787,217
angepasst,7,4.995,1.638,216,4.737,1.65,217,4.303,1.616,211
Anschiss,7,2.565,1.48,216,4.653,2.27,219,6.09,2.118,210
Arbeiter,7,5.88,1.409,216,5.251,1.476,219,5.389,1.167,211
arbeitslos,7,2.644,1.605,216,3.813,2.223,219,4.483,2.483,211
Architekt,7,5.63,1.209,216,5.613,1.283,217,5.014,1.452,211
Ärztin,7,6.234,1.486,218,6.374,1.452,219,5.441,1.502,211
bedrohen,7,2.213,1.482,216,4.601,2.607,218,6.057,2.214,211
besaufen,7,2.926,2.017,216,3.178,2.153,219,5.498,2.391,211
beschimpfen,7,2.537,1.418,218,3.907,2.107,216,5.9,2.136,209
brav,7,6.317,1.523,218,4.908,1.688,218,4.194,1.835,211
Bürgermeister,7,5.171,1.19,216,5.751,1.561,217,4.805,1.539,210
DIE LINKE (Partei),7,4.074,2.047,216,4.289,1.961,218,5.095,2.04,210
Enkel,7,7.037,1.636,216,5.739,1.913,218,6.651,1.678,209
Exfrau,7,3.881,1.596,218,4.7,1.812,217,5.281,1.872,210
extremistisch,7,2.847,1.817,216,4.894,2.474,218,6.005,2.058,211
Feiertag,7,7.055,1.625,219,5.622,1.687,217,5.124,1.999,209
Fleiß,7,7.116,1.275,215,6.53,1.572,217,6.214,1.486,210
Freundeskreis,7,7.567,1.493,215,6.702,1.632,218,6.352,1.577,210
Hautfarbe,7,5.381,1.283,218,5.16,1.214,219,5.143,1.128,210
hilfsbedürftig,7,4.065,1.785,216,4.023,2.203,220,5.076,1.926,211
hochnäsig,7,2.593,1.428,216,3.686,2.1,220,5.028,1.983,211
jmd. erniedrigen,7,2.078,1.496,218,3.152,2.474,217,5.204,2.351,211
jmd. vertreten,7,5.702,1.319,218,5.963,1.446,216,5.612,1.337,209
kritisch,7,5.097,1.63,216,5.659,1.429,220,5.801,1.327,211
Kumpel,7,6.858,1.561,218,6.211,1.469,218,5.929,1.567,211
lüstern,7,4.613,2.006,217,4.709,1.974,220,5.948,1.749,211
mein,7,6.267,1.561,217,6.064,1.675,218,5.605,1.525,210
menschenunwürdig,7,2.343,1.954,216,4.009,2.674,218,5.64,2.174,211
Mitbewohner,7,5.788,1.388,217,5.283,1.304,219,5.592,1.357,211
Miteinander,7,7.273,1.396,216,6.733,1.552,217,6.246,1.59,211
nutzlos,7,2.871,1.45,217,3.488,1.806,217,3.976,2.02,211
ostdeutsch,7,5.023,1.69,217,4.583,1.495,216,4.986,1.466,209
Prestige,7,5.599,1.456,217,5.699,1.583,219,5.332,1.507,211
Rache,7,2.789,1.809,218,4.931,2.677,217,5.948,2.259,210
Richter,7,5.13,1.405,216,6.47,1.87,219,5.336,1.545,211
siegen,7,7.212,1.385,217,6.859,1.583,220,6.943,1.476,210
Sohn,7,7.125,1.717,216,6.178,1.782,219,6.529,1.535,210
sorglos,7,6.287,2.157,216,5.376,1.985,218,4.791,1.842,211
Spezialist,7,6.234,1.257,218,6.402,1.518,219,5.633,1.498,210
Straftäter,7,2.079,1.42,216,4.059,2.491,219,5.905,2.169,211
Student,7,5.498,1.378,217,5.201,1.34,219,5.133,1.695,210
Tradition,7,6.306,1.528,216,6.231,1.58,216,5.257,1.92,210
traurig,7,3.111,1.533,216,4.396,2.055,217,4.176,1.947,210
Umsturz,7,3.935,1.795,216,5.716,2.048,218,6.143,1.978,210
unmündig,7,3.495,1.528,216,3.624,1.838,218,4.397,1.67,209
Unrecht,7,2.528,1.572,218,4.636,2.433,217,5.714,2.119,210
Verdienst,7,6.55,1.747,218,5.977,1.673,220,5.819,1.696,210
Vertrauter,7,7.055,1.483,218,6.391,1.481,220,5.398,1.674,211
Vorstand,7,4.94,1.283,215,6.142,1.686,218,5.066,1.504,212
Wohngemeinschaft,7,5.574,1.523,216,5.319,1.267,216,5.91,1.588,211
Anarchist,8,3.913,1.834,208,5.202,1.819,203,5.871,1.756,217
anleiten,8,5.847,1.389,209,5.606,1.343,203,5.244,1.404,217
Arbeitsloser,8,4.005,1.631,209,3.751,1.832,205,4.267,1.889,217
Asyl,8,4.215,1.756,209,4.5,1.883,202,5.028,1.701,216
aufmüpfig,8,4.091,1.493,208,5.373,1.657,204,6.218,1.595,216
Ausflug,8,6.865,1.432,208,5.433,1.274,203,6.148,1.59,216
Azubi,8,5.789,1.178,209,4.672,1.437,204,5.364,1.381,217
Begleiter,8,6.399,1.358,208,5.572,1.211,201,5.415,1.464,217
Bekannter,8,6.288,1.29,208,5.377,1.178,204,5.384,1.31,216
brutal,8,2.096,1.563,209,5.581,2.704,203,6.269,2.351,219
Chaot,8,4.115,1.902,208,4.602,1.887,201,6.542,1.85,216
drohen,8,2.66,1.576,209,5.351,2.39,202,6.218,1.906,216
erniedrigen,8,2.474,1.881,209,4.363,2.545,204,5.39,2.164,218
Freiheit,8,7.779,1.481,208,6.985,1.836,203,6.493,1.841,217
fürchten,8,3.351,1.563,208,4.712,2.053,205,5.703,1.779,219
Gattin,8,6.381,1.871,210,5.708,1.529,202,5.843,1.673,217
Gauner,8,3.091,1.739,209,4.678,1.978,202,6.023,1.831,219
gewinnen,8,7.119,1.525,210,6.52,1.632,204,6.795,1.678,219
Gewissen,8,6.364,1.542,209,6.407,1.715,204,5.62,1.716,216
hochmütig,8,3.469,1.757,209,4.718,1.925,202,5.505,1.742,218
hörig,8,3.256,1.813,211,4.224,2.386,205,4.583,1.868,216
Hoffnung,8,7.324,1.401,210,6.473,1.836,203,5.884,1.917,216
intrigant,8,2.88,1.636,208,4.99,2.202,204,5.77,2.021,217
Junge,8,6.226,1.425,208,5.398,1.453,201,6.202,1.52,218
Kanzler,8,4.589,1.648,209,5.757,2.187,202,4.719,1.953,217
Klassenfahrt,8,6.268,1.57,209,5.291,1.32,203,6.26,1.674,215
Kollege,8,5.938,1.271,209,5.353,1.038,204,5.362,1.256,218
Kritiker,8,4.589,1.53,209,5.813,1.553,203,5.788,1.576,217
Lebensgefährte,8,7.067,1.616,209,5.966,1.648,203,5.931,1.743,217
minderwertig,8,3.072,1.593,209,3.719,2.077,203,4.486,1.87,218
Mitgefühl,8,6.952,1.534,210,6.02,1.844,204,5.338,1.823,216
national,8,5.619,1.53,210,5.549,1.551,204,5.203,1.314,217
Polizistin,8,5.292,1.694,209,6.005,1.507,204,5.763,1.483,219
pünktlich,8,7.033,1.603,209,6.282,1.668,202,5.654,1.814,217
Reife,8,6.586,1.449,210,6.188,1.537,202,5.341,1.659,217
reuig,8,5.119,1.487,210,4.678,1.619,205,4.798,1.573,218
Sieger,8,6.852,1.517,209,6.941,1.527,203,6.619,1.662,218
Skinhead,8,2.431,1.823,209,4.709,2.623,203,6.23,2.361,217
Soldat,8,4.565,1.709,209,5.766,1.579,205,5.67,1.638,218
Staatsanwalt,8,4.457,1.59,210,6.626,1.771,203,5.541,1.872,218
Status,8,5.51,1.465,208,5.559,1.499,202,5.164,1.408,220
strafbar,8,3.445,1.857,209,5.089,2.057,203,5.76,1.779,217
tadeln,8,3.909,1.479,209,5.305,1.655,203,5.631,1.516,217
treulos,8,2.756,1.548,209,4.147,2.185,204,5.668,2.046,220
Verbündete,8,6.457,1.516,210,6.182,1.519,203,5.585,1.597,217
verehren,8,6.481,1.4,208,5.787,1.483,202,5.488,1.61,217
verlegen sein,8,4.311,1.432,209,4.228,1.522,202,4.639,1.635,219
Volk,8,5.837,1.532,209,5.995,1.77,203,5.339,1.664,218
Widerstand,8,5.019,1.81,208,6.278,1.691,205,6.419,1.73,217
Zugehörigkeit,8,6.571,1.558,210,6.211,1.579,204,5.359,1.613,217
adelig,9,4.847,1.777,215,5.324,1.966,210,4.612,1.797,209
anpumpen,9,2.921,1.472,214,3.633,1.701,210,5.133,1.734,210
asozial,9,2.425,1.648,214,3.708,2.357,212,5.195,2.381,210
auszeichnen,9,6.716,1.453,215,6.336,1.304,211,5.928,1.608,209
Bar,9,5.684,1.412,215,5.005,1.165,211,5.667,1.743,210
Behinderter,9,5.316,1.483,215,4.402,1.874,209,4.868,1.537,212
Beziehung,9,7.318,1.536,214,6.786,1.691,210,6.555,1.759,209
Bürger,9,5.766,1.271,214,5.386,1.441,210,5.062,1.51,208
Chaos,9,3.484,1.758,215,5.308,2.145,208,6.768,1.99,211
dekadent,9,4.18,1.691,217,4.744,1.509,211,4.932,1.621,207
Ehemann,9,6.472,1.885,216,5.957,1.668,209,5.543,1.791,210
eingeschüchtert,9,3.153,1.488,215,3.708,1.975,209,4.238,1.897,210
Einladung,9,6.865,1.455,215,5.754,1.423,211,5.924,1.612,210
elitär,9,4.595,1.585,215,5.376,1.552,210,5.124,1.409,210
entlassen,9,2.707,1.744,215,4.493,2.262,209,5.455,2.168,209
erfahren,9,6.86,1.346,214,6.425,1.345,212,5.529,1.714,210
fesseln,9,3.598,1.969,214,5.072,2.238,209,5.948,1.918,211
geduldig,9,6.648,1.647,216,6.052,1.575,210,4.5,1.897,210
Gehalt,9,6.693,1.933,215,6.028,1.867,211,5.766,1.786,209
Gesamtschule,9,5.252,1.602,214,5.028,1.527,212,5.287,1.488,209
gestresst,9,3.219,1.722,215,4.914,1.944,209,6.45,1.839,209
Gottesdienst,9,4.743,2.219,214,4.678,2.007,211,3.962,2.191,213
Gourmet,9,6.509,1.664,214,5.729,1.527,210,5.268,1.777,209
GRÜNE (Partei),9,4.794,2.054,214,4.751,1.87,209,4.705,2.028,210
Kampf,9,3.589,2.058,214,6.081,2.093,210,6.581,1.946,210
Komplize,9,3.642,1.771,215,4.861,1.885,209,5.63,1.891,208
Konsens,9,5.444,1.442,214,5.392,1.33,209,5.123,1.236,211
kraftlos,9,3.28,1.564,214,3.422,1.932,211,3.652,1.896,210
Lehrer,9,5.355,1.558,214,5.604,1.562,212,4.9,1.548,210
Leistung,9,6.609,1.611,215,6.763,1.431,211,6.469,1.55,213
Mädchen,9,6.551,1.682,214,5.151,1.743,212,6.057,1.797,209
Managerin,9,5.593,1.747,216,6.158,1.664,209,5.81,1.672,210
Mentor,9,5.902,1.471,215,5.957,1.395,209,5.226,1.443,212
Mitschüler,9,5.593,1.39,214,5.267,1.375,210,5.486,1.432,210
Partnerschaft,9,7.579,1.563,214,6.891,1.73,211,6.5,1.926,212
schlagen,9,2.227,1.57,216,4.472,2.685,212,6.104,2.244,211
selbstbewusst,9,7.195,1.504,215,7.024,1.472,210,6.321,1.72,209
Sozialarbeiter,9,5.38,1.732,216,5.268,1.708,209,4.877,1.654,211
Straftat,9,2.023,1.362,215,4.548,2.652,210,6.043,2.271,209
Täter,9,2.383,1.69,214,4.8,2.579,210,6.09,2.149,210
überzeugen,9,6.31,1.469,216,6.395,1.464,210,6.033,1.609,210
unterstützen,9,6.907,1.562,215,6.426,1.537,209,5.746,1.574,209
Vaterfigur,9,6.084,1.919,214,6.459,1.464,209,5.507,1.735,209
verbieten,9,3.4,1.383,215,5.205,2.01,210,5.601,1.802,208
Verlierer,9,3.237,1.533,215,3.288,1.829,208,4.216,1.835,213
verstoßen,9,2.752,1.513,214,4.569,2.348,211,5.303,1.803,211
vertrauen,9,7.603,1.585,214,6.967,1.676,210,5.714,1.975,210
Volksfest,9,5.832,1.744,214,5.283,1.625,212,6.412,1.777,211
Wirt,9,5.472,1.24,214,5.129,1.177,210,5.243,1.328,210
Zuneigung,9,7.521,1.546,215,6.967,1.716,209,6.194,1.955,211
Abitur,10,6.512,1.643,215,6.22,1.563,209,6.076,1.504,211
Aktivist,10,5.321,1.511,218,5.573,1.524,211,6.105,1.587,209
begabt,10,7.042,1.458,214,6.479,1.452,213,6.071,1.53,212
behindert,10,4.138,1.63,217,4.137,1.948,212,4.777,1.528,211
Blamage,10,2.873,1.507,213,4.613,2.153,212,5.957,1.86,211
bürgerlich,10,5.644,1.509,216,5.276,1.383,210,4.467,1.703,210
Bundestag,10,4.598,1.481,214,5.128,1.985,211,4.495,1.984,210
Chor,10,5.537,1.567,216,5.099,1.659,212,5.1,1.673,210
Demokratie,10,6.294,1.75,214,5.892,1.906,213,5.379,1.879,211
diskriminieren,10,2.624,1.508,213,4.678,2.336,211,5.878,1.792,213
durchsetzen,10,6.167,1.507,215,6.483,1.519,209,6.392,1.371,212
eitel,10,4.234,1.59,214,4.882,1.63,211,5.133,1.471,211
Erziehung,10,6.2,1.595,215,6.498,1.462,211,6.462,1.535,210
Exmann,10,3.791,1.62,215,4.278,1.843,212,5.075,1.856,212
Familienleben,10,7.362,1.636,213,6.615,1.849,213,6.479,1.855,211
Feind,10,2.573,1.596,213,5.352,2.331,210,6.199,1.959,211
frustriert,10,3.005,1.409,215,4.507,1.883,211,5.205,2.022,210
gerecht,10,7.399,1.362,213,6.486,1.783,210,5.673,1.722,211
Händler,10,5.112,1.012,215,5.233,1.217,210,5.519,1.256,212
Herrin,10,3.935,1.81,215,5.967,2.207,213,5.858,1.663,212
Individualist,10,5.893,1.539,214,5.745,1.594,212,5.633,1.472,210
Job,10,6.521,1.525,215,6.316,1.57,212,6.184,1.521,212
Käfig,10,3.074,1.59,215,4.962,2.274,211,4.611,2.047,211
Kindergarten,10,6.472,1.623,214,5.509,1.656,212,7.005,1.658,211
kinderlos,10,4.126,1.668,215,4.427,1.585,211,4.028,1.805,211
Krimineller,10,2.349,1.493,215,4.833,2.373,210,6.219,2.052,210
lügen,10,2.728,1.467,213,4.486,2.398,212,5.938,1.961,209
Mama,10,7.34,1.722,215,6.627,1.867,212,6.062,1.998,210
Meinung,10,6.648,1.515,216,6.469,1.535,211,6.119,1.528,210
Migrant,10,4.46,1.49,215,4.472,1.592,212,5.246,1.725,211
Ministerpräsident,10,4.819,1.275,215,5.362,1.836,210,4.502,1.66,211
Moschee,10,4.205,1.779,215,4.867,1.981,210,4.645,1.855,211
NPD (Partei),10,2.336,1.889,214,4.071,2.577,210,5.467,2.45,212
Partner,10,7.532,1.43,216,6.559,1.571,211,6.374,1.712,211
Pazifist,10,5.238,1.696,214,5.047,1.748,211,5.033,1.624,212
Risiko,10,4.572,1.604,215,5.711,1.723,211,6.733,1.656,210
Seniorin,10,5.846,1.526,214,4.389,1.784,211,4.133,1.739,210
Sicherheit,10,7.3,1.518,213,6.51,1.717,210,4.967,2.158,209
spießig,10,3.357,1.606,213,4.171,1.892,210,4.227,1.894,211
Staat,10,4.888,1.413,215,5.552,2.082,212,4.729,1.916,210
Strafe,10,3.145,1.837,214,5.657,2.065,210,5.929,1.755,212
Sünde,10,3.847,1.764,215,5,1.995,210,5.89,1.723,210
unfair,10,2.847,1.507,215,4.732,2.195,213,6,1.908,212
Uniform,10,4.676,1.708,216,5.519,1.828,210,4.943,1.567,210
unsicher,10,3.657,1.36,213,4.043,1.686,211,4.8,1.648,210
Verbot,10,3.628,1.658,215,5.682,2,211,5.657,1.795,210
Verehrer,10,6.664,1.498,214,5.62,1.551,213,6.502,1.497,211
verlieren,10,3.219,1.483,215,4.368,2.011,212,5.318,1.872,211
verrucht,10,4.236,1.849,216,5.094,1.779,212,6.086,1.62,210
verwöhnen,10,7.374,1.495,214,5.981,1.588,212,5.552,2.073,210
Abiturient,11,5.811,1.398,212,5.488,1.388,211,5.526,1.38,215
Angeber,11,2.699,1.647,209,3.8,2.254,210,5.862,2.09,217
Ansehen,11,6.419,1.389,210,6.421,1.395,209,5.241,1.475,216
Behörde,11,3.756,1.567,209,5.635,2.108,211,4.213,2.214,216
beten,11,5.177,2.017,209,5.01,2.109,210,3.677,2.027,217
defensiv,11,4.493,1.507,211,4.376,1.639,210,4.142,1.768,218
der Erbe,11,5.311,1.558,209,5.238,1.435,210,5.255,1.505,216
deutsch,11,6.464,1.665,211,5.99,1.598,210,5.276,1.493,217
Diener,11,4.595,1.51,210,4.28,1.574,211,4.355,1.533,217
Diskussion,11,5.695,1.526,210,6.151,1.23,212,6.797,1.523,217
Extremist,11,2.735,1.845,211,5.41,2.437,210,6.855,1.892,214
feminin,11,6.071,1.804,210,5.377,1.64,212,5.429,1.577,217
Gefängnis,11,2.357,1.584,210,5.403,2.491,211,5.889,2.134,216
gemeinsam,11,7.201,1.49,209,7.019,1.623,212,5.866,1.569,216
Gewalt,11,2.014,1.573,209,5.731,2.82,212,7.037,2.059,216
Heilpraktiker,11,5.569,1.421,211,5.118,1.573,212,4.438,1.628,219
Hingabe,11,6.579,1.549,209,6.128,1.704,211,5.65,1.824,214
individuell,11,6.422,1.533,211,5.981,1.417,210,5.542,1.414,216
intellektuell,11,6.09,1.482,210,6.033,1.468,211,5.269,1.535,216
kampflos,11,4.028,1.844,211,3.592,1.896,211,3.762,1.954,214
Kollektiv,11,5.479,1.559,211,6.053,1.539,209,5.62,1.477,216
Kommandeur,11,4.014,1.524,209,6.286,1.96,210,6.143,1.778,217
Lüge,11,2.351,1.464,211,4.514,2.605,210,6.009,2.032,216
militant,11,3.1,1.681,210,5.502,2.143,211,6.101,1.858,217
Minister,11,4.167,1.511,210,5.445,1.867,211,4.6,1.777,215
moralisch,11,5.78,1.575,209,5.735,1.686,211,4.94,1.691,215
nervös,11,3.614,1.421,210,4.346,1.81,211,6.488,1.657,215
Opa,11,7,1.68,210,5.905,1.675,210,4.477,1.85,216
predigen,11,4.271,1.705,210,4.871,1.747,210,4.456,1.805,217
primitiv,11,3.133,1.607,211,3.441,2.017,211,4.458,1.933,216
Prozess,11,3.66,1.62,212,5.781,1.683,210,6.079,1.633,216
respektieren,11,6.976,1.52,211,6.882,1.474,211,5.271,1.573,218
schenken,11,7.156,1.48,211,6.236,1.47,212,5.861,1.662,216
Schwätzer,11,2.839,1.574,211,3.476,1.972,212,6.148,1.938,216
verbünden,11,6.033,1.432,209,6.276,1.434,210,5.493,1.377,215
SPD (Partei),11,4.117,1.883,213,4.392,1.891,209,4.306,2.05,216
spenden,11,5.796,1.716,211,5.55,1.568,211,4.889,1.601,216
Streit,11,2.73,1.546,211,5.332,2.243,211,7.115,1.787,217
Technikerin,11,5.7,1.294,210,5.61,1.23,210,5.289,1.373,218
Therapeut,11,5.355,1.497,211,5.251,1.521,211,4.498,1.708,217
Unterschicht,11,3.719,1.664,210,3.743,1.72,210,4.577,1.738,215
unverheiratet,11,5.248,1.492,210,4.858,1.404,211,5.148,1.636,216
urteilen,11,4.818,1.423,209,5.9,1.539,210,5.602,1.456,216
verdienen,11,6.767,1.537,210,6.201,1.437,209,5.843,1.501,216
Verrat,11,2.043,1.478,209,4.815,2.767,211,6.338,1.953,216
verständnisvoll,11,7.243,1.501,210,6.286,1.632,210,4.707,1.735,215
verwöhnt,11,4.233,1.798,210,4.295,1.705,210,4.898,1.777,215
Vorurteil,11,3.105,1.483,209,4.967,2.164,210,5.391,1.584,215
Weihnachten,11,6.605,1.91,210,6.205,1.64,210,5.338,2.25,216
Wut,11,3.038,1.669,212,5.914,2.395,210,7.252,1.738,218
Armut,12,2.514,1.503,214,3.995,2.464,210,4.505,1.981,210
arrogant,12,2.549,1.5,215,4.387,2.375,212,5.562,2.132,210
aufhetzen,12,2.437,1.576,213,5.066,2.47,211,6.379,2.14,211
Ausländerin,12,5,1.473,214,4.63,1.501,211,5.27,1.495,211
autonom,12,5.256,1.566,215,5.794,1.659,209,5.355,1.531,211
Baby,12,7.535,1.798,213,4.057,2.948,211,7.286,1.905,210
benoten,12,4.949,1.35,214,5.806,1.599,211,5.507,1.478,209
beschweren,12,3.915,1.543,213,5.119,1.58,210,6.119,1.565,210
Bettler,12,3.657,1.526,213,3.269,1.877,212,4.233,1.861,210
betucht,12,5.551,1.695,216,5.701,1.732,211,5.072,1.599,209
Café,12,6.409,1.507,215,5.243,1.258,210,5.675,1.847,209
Christ,12,5.247,1.816,215,4.976,1.779,211,4.502,1.865,211
dienen,12,3.986,1.688,216,4.176,1.786,210,4.357,1.632,213
Ehrgeiz,12,5.93,1.65,214,6.366,1.598,213,6.51,1.439,210
Freund,12,7.556,1.334,214,6.529,1.678,210,6.278,1.778,209
Führer,12,3.178,1.855,214,5.774,2.538,212,5.64,1.93,211
Gerechtigkeit,12,7.304,1.573,214,6.638,1.962,210,5.952,1.799,209
Gewerkschaft,12,4.897,1.734,213,5.237,1.998,211,5.057,1.854,209
jmd. auszeichnen,12,6.519,1.349,214,6.062,1.448,210,5.79,1.638,210
kraftvoll,12,6.659,1.311,214,6.88,1.448,209,6.627,1.43,212
Kranker,12,3.935,1.509,215,3.486,2.069,212,4.038,2.021,212
Krise,12,2.935,1.567,214,5.476,2.195,212,5.976,2.025,209
Kritik,12,4.418,1.569,213,5.91,1.62,211,5.972,1.473,211
Landsmann,12,5.784,1.381,213,5.265,1.252,211,5.194,1.274,211
Mitläufer,12,3.162,1.493,216,3.514,1.864,210,4.429,1.963,210
Moral,12,6.093,1.592,214,6.237,1.786,211,5.299,1.662,211
Nachbar,12,5.664,1.513,214,5.094,1.22,212,5.204,1.31,211
Nachhilfe,12,4.851,1.465,215,4.84,1.515,212,4.849,1.365,212
Neid,12,2.736,1.534,216,4.408,2.431,211,5.319,1.988,210
Organisation,12,5.346,1.283,214,5.872,1.492,211,5.429,1.427,210
Parlament,12,4.507,1.565,213,5.4,2.078,210,4.643,2,210
Pfarrer,12,4.819,1.839,215,4.828,1.863,209,3.995,1.761,211
Privileg,12,5.736,1.687,216,6.033,1.623,213,5.462,1.387,210
Professor,12,5.712,1.367,215,5.976,1.774,211,4.891,1.58,211
Schulfreund,12,6.458,1.336,216,5.632,1.402,209,5.705,1.477,210
sich bereichern,12,3.477,1.87,216,4.83,2.188,212,5.786,1.727,210
spielen,12,6.995,1.327,215,5.605,1.377,210,6.752,1.588,210
Trauerfeier,12,3.028,1.678,214,4.69,1.908,210,3.667,2.289,210
Treue,12,7.593,1.546,216,7.162,1.692,210,5.752,2.011,210
türkisch,12,4.498,1.646,215,4.766,1.509,209,5.33,1.825,212
überwachen,12,3.28,1.672,214,5.611,2.091,211,5.286,1.89,210
Urteil,12,4.651,1.351,215,6.297,1.756,209,5.59,1.673,210
Verbrecher,12,2.178,1.609,214,4.629,2.548,210,6.014,2.287,210
Verräter,12,2.084,1.418,214,4.038,2.607,211,5.829,2.218,210
versagen,12,2.662,1.397,213,3.789,2.212,213,4.673,2.071,211
weiblich,12,6.93,1.485,214,5.861,1.631,209,6.257,1.728,210
weise,12,6.738,1.641,214,6.431,1.609,211,4.667,1.928,210
Wettbewerb,12,5.565,1.477,214,5.909,1.571,209,6.59,1.442,210
Wissenschaftler,12,5.953,1.4,215,5.919,1.47,210,5.251,1.624,211
wohlhabend,12,6.547,1.537,214,6.267,1.527,210,5.519,1.701,210
Absage,13,3.013,1.595,227,4.537,2.092,205,4.938,1.969,210
Armee,13,4.04,2.117,227,6.377,2.23,207,6.201,1.961,209
aufopfern,13,4.899,1.854,227,5.454,2.002,207,5.29,1.585,210
bedürftig,13,3.656,1.741,227,3.976,1.88,205,4.429,1.679,210
berühren,13,6.934,1.529,227,6.073,1.615,205,6.322,1.826,211
besiegen,13,5.784,1.854,227,6.663,1.746,205,6.586,1.539,210
Betrüger,13,2.159,1.555,227,4.444,2.457,207,5.621,2.07,211
Chirurg,13,5.261,1.801,226,6.265,1.646,204,5.381,1.896,210
christlich,13,5.19,1.875,226,5.059,1.809,205,4.094,1.903,212
demütig,13,3.987,1.861,227,3.99,2.037,204,3.904,1.696,209
einsperren,13,2.207,1.426,227,4.912,2.448,205,5.267,2.268,210
eiskalt,13,3.308,1.917,227,5.456,2.19,206,4.741,2.001,212
Elite,13,5.292,1.853,226,6.345,1.743,206,5.462,1.761,210
Experte,13,6.062,1.559,227,6.377,1.587,207,5.528,1.487,212
extrovertiert,13,4.712,1.687,226,5.333,1.718,204,6.01,1.871,210
Fest,13,6.802,1.386,227,5.908,1.374,206,6.824,1.541,210
flirten,13,7.11,1.485,227,6.082,1.564,207,6.905,1.651,211
Führungsfigur,13,5.216,1.812,227,6.58,1.849,207,6.005,1.642,209
Gastgeber,13,6.555,1.37,227,5.716,1.239,204,5.838,1.432,210
Gatte,13,6.067,1.955,225,5.576,1.657,205,5.429,1.73,210
Haushalt,13,5.442,1.616,226,5.515,1.357,206,5.19,1.56,210
heucheln,13,2.46,1.567,226,3.922,2.159,205,4.962,2.083,212
Kamerad,13,6.842,1.613,228,6.358,1.574,204,5.771,1.466,210
kraft,13,6.771,1.402,227,6.741,1.542,205,6.41,1.535,212
mitreden,13,6.637,1.389,226,5.951,1.424,206,6.259,1.308,212
mutlos,13,3.14,1.498,228,3.392,1.729,204,3.41,1.813,212
Mutprobe,13,4.291,1.66,227,5.488,1.952,205,6.598,1.798,209
naiv,13,3.762,1.513,227,3.732,1.684,205,4.009,1.603,212
Oberschicht,13,4.388,1.772,227,5.824,1.849,204,5.009,1.839,211
Party,13,6.584,1.729,226,5.662,1.434,204,7.132,1.728,212
Professorin,13,5.665,1.541,227,6.13,1.566,207,4.99,1.624,208
Punker,13,4.004,1.829,226,4.456,1.977,206,6.014,2.02,209
Realschule,13,5.496,1.5,226,5.435,1.398,207,5.402,1.432,209
romantisch,13,7.31,1.47,226,5.912,1.687,205,5.49,2.203,210
selbstlos,13,5.731,1.72,227,5.553,1.844,206,4.892,1.58,212
sich auszeichnen,13,6.463,1.503,227,6.332,1.392,205,6.109,1.471,211
sich wehren,13,5.78,1.857,227,6.435,1.758,207,6.764,1.709,212
Snob,13,3.101,1.497,228,4.329,1.892,207,4.833,1.831,209
Stabilität,13,6.849,1.51,225,6.294,1.622,204,4.833,1.812,209
Stadion,13,5.515,1.815,227,5.507,1.5,207,6.749,1.799,211
täuschen,13,2.956,1.568,227,4.517,2.04,205,5.163,1.708,209
Tante,13,5.74,1.607,227,5.113,1.332,204,4.986,1.56,211
treu,13,7.681,1.413,226,6.709,1.77,206,5.486,2.015,210
Türsteher,13,4.035,1.632,227,5.77,1.925,204,5.462,1.807,210
undankbar,13,2.678,1.645,227,4.029,1.948,205,4.938,1.935,210
verreisen,13,7.233,1.595,227,5.858,1.513,204,6.754,1.703,211
Vorbild,13,6.736,1.43,227,6.476,1.529,206,5.741,1.544,212
Weisheit,13,7.285,1.467,228,6.778,1.718,207,5.148,2.031,209
westdeutsch,13,5.645,1.716,228,5.463,1.423,205,5.332,1.458,208
zwingen,13,2.656,1.59,227,5.175,2.391,206,5.796,1.89,211
Amt,14,3.891,1.724,211,5.557,2.034,219,4.065,2.081,216
Anführer,14,4.237,1.797,211,6.709,1.761,220,6.107,1.783,215
aufrichtig,14,7.409,1.507,208,6.685,1.636,219,5.498,1.705,215
Ausländer,14,4.805,1.679,210,4.959,1.581,219,5.386,1.656,215
behindern,14,3.498,1.494,211,4.489,1.754,219,4.758,1.75,215
beschützen,14,7.246,1.389,211,6.431,1.709,218,5.724,1.814,214
beschuldigen,14,2.925,1.497,212,5.05,1.97,218,5.72,1.832,214
Bibel,14,4.714,2.039,210,4.798,2.242,218,3.963,1.965,217
Detektiv,14,4.6,1.445,210,5.399,1.447,218,5.395,1.687,215
Diktator,14,2.197,1.661,208,6.477,2.605,218,6.386,2.126,215
Dorf,14,5.929,1.835,210,4.885,1.589,218,4.208,1.842,216
einhellig,14,5.422,1.214,211,5.227,1.258,220,5.014,1.313,215
einzeln,14,4.885,1.258,209,4.419,1.574,217,4.637,1.427,215
erziehen,14,6.033,1.65,210,6.422,1.396,218,6.121,1.628,214
Gast,14,6.212,1.507,212,5.353,1.361,218,5.528,1.391,216
gleichberechtigt,14,6.777,1.601,211,5.908,1.584,218,5.59,1.585,217
herrschen,14,3.656,1.87,212,6.528,1.995,216,5.949,1.699,216
hochqualifiziert,14,6.61,1.68,210,6.945,1.519,220,6.093,1.767,215
höflich,14,7.243,1.425,210,6.073,1.636,218,5.093,1.723,214
Individuum,14,5.769,1.517,212,5.683,1.686,218,5.636,1.482,217
Karriere,14,6.204,1.668,211,6.376,1.508,218,6.279,1.637,215
Kirche,14,4.483,2.012,209,5.005,2.293,218,3.953,2.086,215
Koch,14,6.048,1.386,209,5.335,1.264,218,5.282,1.381,216
Kollegin,14,6.071,1.39,211,5.303,1.252,218,5.505,1.46,216
Liebster,14,7.308,1.85,211,6.365,1.762,219,6.247,2.019,215
Meister,14,5.919,1.565,210,6.306,1.578,219,5.714,1.447,217
mittellos,14,2.657,1.679,210,3.402,2.073,219,4.605,2.17,215
Moralist,14,4,1.708,210,4.871,1.555,217,4.778,1.681,216
neidisch,14,3.075,1.556,212,4.087,1.919,218,5.392,1.848,217
opfern,14,4.28,1.697,211,4.908,1.972,218,5.472,1.665,216
Ordnung,14,6.45,1.727,211,6.303,1.56,218,4.986,1.9,214
Patriot,14,5.175,1.712,212,5.767,1.658,219,5.767,1.667,215
Pflicht,14,5.177,1.653,209,6.206,1.496,218,5.228,1.685,215
Schädling,14,2.667,1.485,210,5.183,2.073,219,5.743,1.835,214
schlagfertig,14,6.75,1.492,212,6.633,1.268,218,6.453,1.573,214
schuldig,14,2.905,1.621,211,4.626,2.058,219,5.344,1.727,215
Schwiegermutter,14,5,1.683,212,5.303,1.629,218,5.381,1.791,215
Sieg,14,6.886,1.675,211,6.936,1.614,218,6.836,1.763,213
Sitte,14,5.348,1.639,210,5.532,1.503,218,4.755,1.528,216
solidarisieren,14,6.085,1.445,211,5.854,1.666,219,5.546,1.515,216
stolz,14,6.495,1.667,210,6.479,1.428,219,5.804,1.607,214
tanzen,14,6.269,1.912,212,5.373,1.547,217,6.472,1.917,216
teilen,14,6.493,1.459,211,5.843,1.507,217,5.491,1.463,216
Theater,14,5.9,1.551,211,5.295,1.286,217,5.395,1.808,215
Tyrann,14,2.114,1.647,210,5.913,2.756,219,6.447,2.193,215
unfähig,14,3,1.645,211,3.443,1.97,219,4.397,1.999,214
ungerecht,14,2.78,1.819,209,4.648,2.209,219,5.902,1.927,215
verraten,14,2.569,1.518,211,4.11,2.353,218,5.884,1.907,216
Wohlstand,14,7.119,1.64,210,6.741,1.544,220,5.532,2.021,216
Zwang,14,2.605,1.425,210,5.509,2.317,218,5.565,1.94,216
ablehnen,15,3.723,1.471,213,4.816,1.653,228,4.991,1.457,230
Anhänger,15,5.184,1.39,212,5.198,1.485,227,5.45,1.473,229
autoritär,15,3.802,1.689,212,6.035,2.075,228,5.835,1.674,230
beaufsichtigen,15,4.925,1.458,213,5.714,1.396,227,5.482,1.558,228
Befreiung,15,6.925,1.544,212,6.561,1.612,228,6.589,1.681,231
begrüßen,15,6.743,1.382,214,5.86,1.404,228,5.861,1.229,231
bescheiden,15,6.25,1.46,212,5.176,1.601,227,4.572,1.668,229
bestrafen,15,3.235,1.64,213,5.48,2.038,229,5.844,1.618,231
betrügen,15,2.451,1.587,215,4.262,2.383,229,5.838,2.104,229
charmant,15,7.079,1.31,214,6.079,1.541,227,5.812,1.593,229
despotisch,15,3.502,1.706,213,5.123,2.012,228,5.555,1.62,229
eigensinnig,15,4.23,1.56,213,5.087,1.676,229,5.719,1.49,231
Einzelkind,15,4.995,1.497,213,5.135,1.425,229,5.362,1.682,229
entscheiden,15,5.878,1.442,213,6.39,1.334,228,5.896,1.45,230
FDP (Partei),15,3.277,1.867,213,3.313,1.956,227,3.709,1.944,230
Frauenheld,15,3.761,1.867,213,4.31,1.909,229,5.853,1.97,231
Fußballer,15,5.094,1.746,213,5.288,1.567,226,5.974,1.91,229
Gebet,15,5.127,1.981,213,5.249,2.072,229,3.883,2.03,230
Geld,15,6.476,1.794,212,6.952,1.752,228,6.043,1.705,230
Geliebte,15,5.387,2.312,212,5.368,2.049,228,6.445,2.018,229
helfen,15,7.227,1.282,211,6.793,1.495,227,6.118,1.678,229
Herrschaft,15,3.93,1.733,214,6.45,2.065,229,5.791,1.7,230
Hure,15,4.108,2.045,213,4.735,1.98,226,5.857,1.916,230
integrieren,15,5.953,1.727,212,5.636,1.549,228,5.583,1.518,230
klauen,15,2.486,1.54,214,3.645,2.116,228,5.865,2.148,230
König,15,4.765,1.486,213,6.162,2.079,228,5.065,1.768,230
Kontrolle,15,4.486,1.838,212,6.266,1.723,229,5.519,1.549,231
kümmern,15,6.717,1.315,212,6.114,1.64,229,5.7,1.472,230
Lehrerin,15,5.38,1.454,213,5.747,1.366,229,5.262,1.487,229
motivieren,15,6.869,1.271,213,6.539,1.449,228,6.457,1.375,230
Nazi,15,2.056,1.824,213,3.828,2.743,227,5.812,2.51,229
Onkel,15,5.708,1.366,212,5.323,1.264,229,5.052,1.288,232
Pflegefall,15,3.019,1.79,212,3.855,2.296,228,4.702,2.173,228
politisch,15,4.851,1.509,215,5.254,1.627,228,5.223,1.659,229
Prolet,15,3.425,1.761,214,3.974,1.949,229,5.424,1.887,229
prominent,15,4.991,1.518,211,5.311,1.58,228,5.511,1.703,229
Rangordnung,15,4.349,1.474,212,5.755,1.732,229,5.354,1.464,229
respektlos,15,2.746,1.545,213,3.965,2.126,228,5.704,1.971,230
scheitern,15,2.962,1.723,211,4.166,2.043,229,5.178,1.831,230
schlapp,15,3.43,1.441,214,3.295,1.584,227,3.1,1.801,230
Schützenverein,15,4.225,1.639,213,4.64,1.656,228,4.939,1.905,230
Sekte,15,2.117,1.466,214,4.617,2.715,227,5.266,2.27,229
Solidarität,15,6.761,1.509,213,6.304,1.693,227,5.73,1.491,230
Team,15,6.61,1.49,213,6.605,1.557,228,6.274,1.36,230
Techniker,15,5.514,1.222,212,5.451,1.258,226,5.096,1.239,229
tolerant,15,7.117,1.437,213,6.33,1.574,227,5.742,1.603,229
Verein,15,5.472,1.541,212,5.559,1.571,227,5.587,1.743,230
verlassen,15,3.193,1.583,212,4.399,2.079,228,5.297,1.915,229
wehrlos,15,3.033,1.857,213,3.294,2.069,228,4.55,2.099,229
Würde,15,6.892,1.458,213,6.798,1.515,228,5.325,1.87,231
abhängig,16,2.995,1.633,221,3.907,2.247,215,4.868,1.926,212
ängstlich,16,3.509,1.522,220,3.516,1.993,215,4.915,1.891,213
Affäre,16,3.703,2.106,222,4.921,2.237,216,6.995,1.894,212
aggressiv,16,2.484,1.512,221,5.21,2.48,214,6.825,2.077,212
Angestellter,16,5.568,1.329,222,4.94,1.381,216,4.995,1.478,211
Außenseiter,16,3.491,1.622,222,3.623,2.01,215,4.46,2.082,211
Autorität,16,4.623,1.843,220,6.8,1.621,215,6.274,1.681,212
Banker,16,4.032,1.649,222,5.837,1.964,215,5.062,1.815,210
beleidigen,16,2.579,1.567,221,4.407,2.284,214,6.123,2.008,211
betreuen,16,6.036,1.498,221,5.699,1.566,216,5.127,1.704,213
Betrug,16,2.203,1.557,222,4.423,2.625,215,6.231,2.249,212
brüderlich,16,6.572,1.508,222,6.093,1.594,216,5.231,1.678,208
charismatisch,16,6.059,1.674,221,6.06,1.659,217,5.719,1.712,210
Ehe,16,6.52,1.99,221,6.316,1.804,215,5.938,1.92,211
einsam,16,2.877,1.688,220,3.93,2.19,215,3.218,1.954,211
Eltern,16,6.995,1.82,221,6.653,1.753,216,5.739,1.824,211
Erzieher,16,5.198,1.599,222,5.917,1.541,216,5.529,1.487,210
esoterisch,16,4.645,1.742,220,4.644,1.842,216,4.325,1.972,212
fähig,16,6.8,1.543,220,6.407,1.513,216,5.762,1.66,210
Fan,16,5.651,1.803,218,5.609,1.776,215,6.684,1.649,212
Freundin,16,7.439,1.759,221,6.38,1.686,216,6.244,1.875,213
Führung,16,4.869,1.648,221,6.549,1.573,215,6.005,1.589,209
General,16,4.184,1.629,223,6.542,1.907,216,5.995,1.603,210
Genosse,16,4.299,1.695,221,5.14,1.79,215,5.119,1.628,210
Geschäftsführer,16,4.927,1.479,220,6.486,1.701,216,5.825,1.549,212
Gleichstellung,16,6.045,1.58,222,5.477,1.57,216,5.239,1.264,213
Großvater,16,7.078,1.661,219,6.111,1.756,216,4.829,1.976,210
Heimat,16,7.306,1.73,222,6.657,1.753,216,5.246,2.205,211
Herrscher,16,3.468,1.684,220,6.828,2.123,215,6.236,1.801,212
ironisch,16,4.721,1.801,222,5.242,1.668,215,5.845,1.542,213
Kneipe,16,4.982,1.878,221,4.935,1.542,215,5.869,1.843,213
kündigen,16,3.041,1.687,222,5.502,2.204,215,6.151,1.987,212
launisch,16,3.401,1.577,222,4.495,1.9,216,5.967,1.856,212
leisten,16,6.122,1.683,222,6.236,1.586,216,6.167,1.399,209
mächtig,16,4.647,1.72,218,7.102,1.793,215,6.181,1.682,210
Mainstream,16,4.751,1.292,221,5.191,1.524,215,5.147,1.395,211
Polizei,16,4.968,1.742,220,6.407,1.797,214,5.933,1.885,209
Profiteur,16,4,1.598,221,5.394,1.727,216,5.526,1.601,211
Putzfrau,16,5.345,1.337,220,4.458,1.54,214,5.005,1.361,211
rechts,16,4.342,1.807,222,5.009,1.609,215,5.2,1.565,210
Rüpel,16,2.71,1.577,221,4.597,2.235,216,6.585,1.862,212
sabotieren,16,2.635,1.56,219,5.023,2.363,216,6.136,2.018,214
sich opfern,16,4.212,1.981,222,5.329,2.415,216,5.476,2.01,210
sozial,16,6.698,1.657,222,5.967,1.835,215,5.502,1.787,211
verachten,16,2.633,1.554,221,4.796,2.3,216,5.599,2.059,212
vertraulich,16,6.714,1.503,224,6.312,1.677,215,4.766,1.992,209
weich,16,6.179,1.727,224,4.037,1.943,215,3.887,1.8,212
Zuhause,16,7.715,1.6,221,6.968,1.779,216,4.967,2.329,211
zutrauen,16,6.887,1.558,222,6.284,1.674,215,5.283,1.856,212
zynisch,16,3.602,1.818,221,4.944,1.997,215,5.953,1.859,212
Achtung,17,5.644,1.696,202,6.282,1.412,202,5.979,1.646,195
autark,17,5.564,1.529,202,5.624,1.22,202,5.359,1.282,195
Befehl,17,3.363,1.477,201,6.498,1.747,203,6.349,1.622,195
Befreier,17,6.366,1.588,202,6.493,1.45,203,6.557,1.616,194
besetzen,17,3.637,1.44,201,5.761,1.561,205,5.943,1.564,194
bewaffnet,17,2.653,1.733,202,6.436,2.29,202,6.856,1.976,194
Bösewicht,17,2.786,1.578,201,5.425,2.186,200,6.649,1.807,194
Bordell,17,4.294,1.892,201,4.897,1.686,204,6.263,1.84,194
Bruder,17,6.522,1.637,201,5.716,1.412,201,5.326,1.579,193
egoistisch,17,3.08,1.595,201,4.906,2.031,203,5.479,1.555,192
ehrlich,17,7.728,1.414,202,6.54,1.618,202,5.068,1.834,192
einflussreich,17,5.672,1.425,201,6.613,1.366,199,5.818,1.556,192
elegant,17,6.423,1.405,201,5.547,1.311,201,5.12,1.737,192
Eroberer,17,4.398,1.709,201,6.611,1.647,203,6.609,1.503,192
Fanclub,17,5.46,1.644,200,5.733,1.522,202,6.521,1.76,192
Frau,17,6.931,1.606,203,5.567,1.681,201,6.359,1.7,192
führen,17,5.527,1.295,203,6.129,1.383,201,5.536,1.391,192
Geburtstag,17,6.786,1.655,201,5.65,1.368,203,6.271,1.579,192
Gefährte,17,6.708,1.539,202,5.955,1.339,202,5.656,1.527,192
Geschwister,17,6.75,1.559,200,5.801,1.345,201,5.781,1.488,192
Geselle,17,5.631,1.023,203,5.085,1.155,200,5.12,1.145,192
Großeltern,17,7.03,1.661,201,5.63,1.531,200,4.49,1.906,192
Gruppenleiter,17,5.054,1.164,202,5.744,1.175,203,5.438,1.042,192
Hausmeister,17,5.172,1.141,203,4.965,1.106,201,4.754,1.36,191
herrisch,17,2.739,1.451,203,5.655,1.924,203,5.942,1.587,191
jmd. vergeben,17,6.475,1.51,202,6.356,1.609,202,5.157,1.551,191
Kapitalist,17,3.955,1.67,202,5.931,1.783,202,5.445,1.398,191
Künstler,17,5.776,1.544,201,5.055,1.338,199,5.539,1.424,191
Liebhaber,17,5.855,1.808,200,5.542,1.523,203,6.319,1.582,191
loyal,17,6.622,1.492,201,5.946,1.372,202,5.099,1.467,191
Mannschaft,17,6.03,1.414,200,6.403,1.324,201,6.199,1.299,191
Migrantin,17,4.515,1.49,202,4.327,1.5,202,5.042,1.391,191
Millionär,17,5.975,1.925,202,6.624,1.718,202,6.073,1.551,191
offensiv,17,5.559,1.197,202,6.236,1.252,203,6.304,1.362,191
Partei,17,4.223,1.54,202,5.248,1.798,202,4.487,1.797,191
Profit,17,5.219,1.911,201,6.073,1.498,205,5.942,1.415,191
Prügel,17,1.99,1.315,200,4.847,2.506,202,6.215,1.813,191
Rasse,17,4.593,1.385,204,5.144,1.298,202,5.126,1.19,191
Rentner,17,5.602,1.425,201,4.525,1.536,202,3.963,1.614,191
Revolution,17,4.876,1.882,202,6.611,1.668,203,6.754,1.797,191
Schande,17,2.787,1.445,202,4.286,2.091,203,5.147,1.686,191
Schnorrer,17,2.532,1.296,201,3.485,1.94,198,5.068,2.026,191
schwul,17,4.604,1.864,202,4.611,1.668,203,5.099,1.785,191
Senior,17,5.653,1.417,202,4.589,1.637,202,4.031,1.569,191
sich erniedrigen,17,2.144,1.332,201,3.084,2.022,202,4.571,1.912,191
spirituell,17,5.06,1.642,201,5.06,1.525,201,4.869,1.806,191
sympathisch,17,7.634,1.409,202,6.438,1.532,201,5.686,1.694,191
unerzogen,17,2.99,1.439,202,4.421,1.949,202,6.131,1.786,191
verarmen,17,2.398,1.569,201,3.837,2.16,202,4.937,1.948,191
Vergeltung,17,3.63,1.911,200,5.678,1.898,202,6.094,1.491,191
anweisen,18,4.403,1.307,196,5.818,1.293,214,5.721,1.278,219
Barkeeper,18,5.477,1.193,199,5.093,1.148,215,5.968,1.466,219
Beamter,18,4.386,1.338,197,5.084,1.651,214,3.855,1.93,220
befehlen,18,3.548,1.605,197,6.163,1.866,215,6.232,1.64,220
befördern,18,6.439,1.509,196,5.884,1.185,216,5.801,1.267,221
Bürgerinitiative,18,5.817,1.48,197,5.852,1.499,216,6.174,1.639,219
dreist,18,3.197,1.557,198,5.079,1.955,216,6.243,1.747,222
Egoist,18,2.883,1.648,197,4.633,2.249,215,5.589,1.851,219
Eigentümer,18,5.719,1.399,196,5.898,1.478,215,5.371,1.324,221
Erzieherin,18,5.523,1.487,197,5.606,1.427,216,5.532,1.5,218
Ethik,18,5.853,1.556,197,5.62,1.445,216,4.881,1.522,219
faul,18,3.025,1.68,197,3.516,2.051,217,2.982,2.226,219
Feigling,18,3.259,1.495,197,3.205,1.932,215,4.389,1.987,221
Flüchtling,18,3.944,1.419,197,3.778,1.962,216,5.697,1.857,221
Gastarbeiter,18,4.584,1.374,197,4.433,1.402,215,4.973,1.401,219
Gerichtssaal,18,3.619,1.502,197,6.309,1.762,217,5.668,1.952,220
gestehen,18,4.985,1.541,196,5.656,1.684,215,5.532,1.533,220
glauben,18,5.596,1.676,198,5.721,1.774,215,4.67,1.736,218
Großmutter,18,7.274,1.541,197,5.851,1.893,215,4.886,2.014,219
Gruppe,18,5.751,1.295,197,6.251,1.52,215,6.068,1.381,219
gutmütig,18,6.726,1.487,197,5.222,1.697,216,4.45,1.801,220
Herkunft,18,5.721,1.347,197,5.454,1.257,216,5.25,1.445,220
höhnisch,18,2.99,1.491,198,4.586,1.934,215,5.751,1.735,217
Imperium,18,4.437,1.633,197,6.808,1.887,213,5.863,1.634,219
Kerl,18,4.711,1.503,197,5.605,1.503,215,5.798,1.544,218
konservativ,18,4.633,1.214,196,4.772,1.297,215,3.945,1.607,220
kreativ,18,6.934,1.509,196,6.192,1.399,214,6.557,1.565,219
lesbisch,18,5.112,1.388,197,5.051,1.395,215,5.555,1.359,220
Machthaber,18,2.783,1.551,198,6.479,2.248,213,6.269,1.95,219
mobben,18,1.91,1.236,199,4.931,2.765,216,6.335,2.138,221
Psychoanalytiker,18,4.848,1.504,197,5.544,1.321,215,4.553,1.764,219
Rebellion,18,4.548,1.842,197,6.299,1.783,214,7.092,1.816,217
religiös,18,4.832,1.715,196,5.335,1.66,215,4.414,1.761,220
Respekt,18,6.944,1.415,196,6.673,1.478,217,5.548,1.663,221
Scham,18,4,1.568,197,4.398,1.837,216,4.648,1.692,219
Schikane,18,2.467,1.53,197,4.76,2.327,217,6.387,1.953,222
Schwäche,18,3.964,1.569,197,3.565,2.07,216,3.982,1.458,221
selbstherrlich,18,3.173,1.722,196,4.645,2.041,214,5.721,1.74,219
souverän,18,6.447,1.364,197,6.307,1.44,215,5.145,1.561,220
Sympathie,18,7.495,1.459,196,6.352,1.624,216,5.859,1.799,220
Teilnehmer,18,5.403,1.016,196,5.171,0.956,216,5.252,1.257,218
Unabhängigkeit,18,7.332,1.578,196,6.842,1.667,215,6.11,1.721,219
unreif,18,3.755,1.415,196,3.782,1.658,216,5.292,1.68,219
Vaterland,18,5.832,1.712,196,5.963,1.613,216,5.196,1.601,219
Verfassung,18,5.359,1.351,198,5.995,1.686,216,4.591,1.764,220
verfolgt,18,2.67,1.491,197,4.567,2.13,215,6.445,1.883,220
Verhör,18,2.802,1.335,197,5.981,1.743,215,6.245,1.747,220
vermieten,18,5.045,1.039,198,5.228,1.067,215,5.05,1.137,221
vornehm,18,5.224,1.506,196,5.213,1.424,216,4.295,1.66,220
Zusammenhalt,18,7.513,1.365,197,7.065,1.613,215,5.865,1.822,222
"Ich selbst, wie ich wirklich bin",fix,5.906,1.757,3844,5.857,1.62,3828,5.906,1.757,3844
Opfer,fix,5.118,2.142,3854,3.479,2.333,3837,5.118,2.142,3854
Ehre,fix,5.549,1.732,3845,6.526,1.621,3832,5.549,1.732,3845
Familie,fix,6.327,1.873,3856,6.919,1.714,3827,6.327,1.873,3856
Mutter,fix,5.803,1.91,3856,6.605,1.778,3835,5.803,1.91,3856
Vater,fix,5.613,1.796,3861,6.513,1.687,3825,5.613,1.796,3861
Kind,fix,7.172,1.652,3852,4.745,2.326,3831,7.172,1.652,3852
Schule,fix,5.83,1.711,3858,5.735,1.55,3834,5.83,1.711,3858
Regierung,fix,4.539,2.118,3864,5.464,2.31,3831,4.539,2.118,3864
Chef,fix,5.699,1.602,3855,6.513,1.676,3832,5.699,1.602,3855
,,4.933591209,1.587618681,,5.434391209,1.764982418,,5.507924176,1.72960989,
,,,,,,,,,,
,,,,,,,,,,
,,,,,,,,,,
,,,,,,,,,,
,,,,,,,,,,
,,,,,,,,,, 